{"cameraMode":{"drawMode":0,"name":"Shaded","section":"Shading Mode"},"sceneLighting":true,"audioPlay":false,"sceneViewState":{"m_AlwaysRefresh":false,"showFog":true,"showSkybox":true,"showFlares":true,"showImageEffects":true,"showParticleSystems":true,"showVisualEffectGraphs":true,"m_FxEnabled":true},"in2DMode":false,"pivot":{"x":18.47627067565918,"y":-13.40419864654541,"z":7.764315605163574},"rotation":{"x":0.0014534643851220608,"y":0.9443809986114502,"z":-0.3317355513572693,"w":0.002992707770317793},"size":30.65926742553711,"orthographic":false}